{
 "input":{
   "file name":"/Users/stephenshank/Documents/Data/CD2.fasta",
   "number of sequences":10,
   "number of sites":187,
   "partition count":1,
   "trees":{
     "0":"((((Pig:0.147969,Cow:0.21343)Node3:0.085099,Horse:0.165787,Cat:0.264806)Node2:0.058611,((RhMonkey:0.002015,Baboon:0.003108)Node9:0.022733,(Human:0.004349,Chimp:0.000799)Node12:0.011873)Node8:0.101856)Node1:0.340802,Rat:0.050958,Mouse:0.09795)"
    }
  },
 "fits":{
   "MG94xREV with separate rates for branch sets":{
     "Log Likelihood":-3460.839554014036,
     "estimated parameters":32,
     "AIC-c":6986.828808626875,
     "Rate Distributions":{
       "Reference":{
         "0":{
           "omega":0.5599811056798144,
           "proportion":1
          }
        },
       "Test":{
         "0":{
           "omega":1.235367897021266,
           "proportion":1
          }
        }
      },
     "display order":0
    },
   "General descriptive":{
     "Log Likelihood":-3420.91182043469,
     "estimated parameters":50,
     "AIC-c":6944.627379187136,
     "Rate Distributions":{
       "Shared":{
         "0":{
           "omega":1e-08,
           "proportion":0.5505422793368776
          },
         "1":{
           "omega":1,
           "proportion":0
          },
         "2":{
           "omega":5.248073519296637,
           "proportion":0.4494577206631224
          }
        }
      },
     "display order":1
    },
   "RELAX alternative":{
     "Log Likelihood":-3432.390030533235,
     "estimated parameters":36,
     "AIC-c":6938.233416221954,
     "Rate Distributions":{
       "Test":{
         "0":{
           "omega":0,
           "proportion":0.5420914123494159
          },
         "1":{
           "omega":0.9994448131052924,
           "proportion":5.24838048911207e-14
          },
         "2":{
           "omega":3.948767501620975,
           "proportion":0.4579085876505316
          }
        },
       "Reference":{
         "0":{
           "omega":0,
           "proportion":0.5420914123494159
          },
         "1":{
           "omega":0.9998000399920063,
           "proportion":5.24838048911207e-14
          },
         "2":{
           "omega":1.639787675182625,
           "proportion":0.4579085876505316
          }
        }
      },
     "display order":2
    },
   "RELAX null":{
     "Log Likelihood":-3437.248150617733,
     "estimated parameters":35,
     "AIC-c":6945.870347036992,
     "Rate Distributions":{
       "Test":{
         "0":{
           "omega":0.1212034140345325,
           "proportion":0.01050544523579807
          },
         "1":{
           "omega":0.1274535955203122,
           "proportion":0.6113545279937682
          },
         "2":{
           "omega":3.649545336991515,
           "proportion":0.3781400267704337
          }
        },
       "Reference":{
         "0":{
           "omega":0.1212034140345325,
           "proportion":0.01050544523579807
          },
         "1":{
           "omega":0.1274535955203122,
           "proportion":0.6113545279937682
          },
         "2":{
           "omega":3.649545336991515,
           "proportion":0.3781400267704337
          }
        }
      },
     "display order":3
    },
   "RELAX partitioned descriptive":{
     "Log Likelihood":-3431.294601631124,
     "estimated parameters":39,
     "AIC-c":6942.294121295035,
     "Rate Distributions":{
       "Test":{
         "0":{
           "omega":0.04450413863542253,
           "proportion":0.5579874285971218
          },
         "1":{
           "omega":0.2152881294819752,
           "proportion":0
          },
         "2":{
           "omega":4.118330945179057,
           "proportion":0.4420125714028782
          }
        },
       "Reference":{
         "0":{
           "omega":0.1859137925227034,
           "proportion":0.07339402473362357
          },
         "1":{
           "omega":0.2334123424822946,
           "proportion":0.7541548287216859
          },
         "2":{
           "omega":4.118330945179057,
           "proportion":0.1724511465446905
          }
        }
      },
     "display order":4
    }
  },
 "timers":{
   "Overall":{
     "timer":709,
     "order":0
    },
   "Preliminary model fitting":{
     "timer":17,
     "order":1
    },
   "General descriptive model fitting":{
     "timer":185,
     "order":2
    },
   "RELAX alternative model fitting":{
     "timer":341,
     "order":3
    },
   "RELAX null model fitting":{
     "timer":109,
     "order":4
    },
   "RELAX partitioned descriptive":{
     "timer":56,
     "order":5
    }
  },
 "test results":{
   "LRT":9.716240168994773,
   "p-value":0.001826467877321103,
   "relaxation or intensification parameter":2.776983001432137
  },
 "tested":{
   "0":{
     "Pig":"Test",
     "Cow":"Test",
     "Node3":"Test",
     "Horse":"Test",
     "Cat":"Test",
     "Node2":"Test",
     "RhMonkey":"Reference",
     "Baboon":"Reference",
     "Node9":"Reference",
     "Human":"Reference",
     "Chimp":"Reference",
     "Node12":"Reference",
     "Node8":"Reference",
     "Node1":"Reference",
     "Rat":"Test",
     "Mouse":"Test"
    }
  },
 "data partitions":{
   "0":{
     "name":"relax.filter.default",
     "coverage":[
      [0, 1, 2, 3, 4, 5, 6, 7, 8, 9, 10, 11, 12, 13, 14, 15, 16, 17, 18, 19, 20, 21, 22, 23, 24, 25, 26, 27, 28, 29, 30, 31, 32, 33, 34, 35, 36, 37, 38, 39, 40, 41, 42, 43, 44, 45, 46, 47, 48, 49, 50, 51, 52, 53, 54, 55, 56, 57, 58, 59, 60, 61, 62, 63, 64, 65, 66, 67, 68, 69, 70, 71, 72, 73, 74, 75, 76, 77, 78, 79, 80, 81, 82, 83, 84, 85, 86, 87, 88, 89, 90, 91, 92, 93, 94, 95, 96, 97, 98, 99, 100, 101, 102, 103, 104, 105, 106, 107, 108, 109, 110, 111, 112, 113, 114, 115, 116, 117, 118, 119, 120, 121, 122, 123, 124, 125, 126, 127, 128, 129, 130, 131, 132, 133, 134, 135, 136, 137, 138, 139, 140, 141, 142, 143, 144, 145, 146, 147, 148, 149, 150, 151, 152, 153, 154, 155, 156, 157, 158, 159, 160, 161, 162, 163, 164, 165, 166, 167, 168, 169, 170, 171, 172, 173, 174, 175, 176, 177, 178, 179, 180, 181, 182, 183, 184, 185, 186]
      ]
    }
  },
 "branch attributes":{
   "0":{
     "Human":{
       "original name":"Human",
       "General descriptive":0,
       "k (general descriptive)":0.9980066384497542,
       "RELAX alternative":0,
       "RELAX null":0,
       "RELAX partitioned descriptive":0
      },
     "Chimp":{
       "original name":"Chimp",
       "General descriptive":0.001848643623912678,
       "k (general descriptive)":2.762030872423752,
       "RELAX alternative":0.001828104087811612,
       "RELAX null":0.001835132049098496,
       "RELAX partitioned descriptive":0.00182940223838602
      },
     "Baboon":{
       "original name":"Baboon",
       "General descriptive":0.001869577405958014,
       "k (general descriptive)":0.1305105776342811,
       "RELAX alternative":0.001820282006008474,
       "RELAX null":0.001851956203955428,
       "RELAX partitioned descriptive":0.001851306693898812
      },
     "RhMonkey":{
       "original name":"RhMonkey",
       "General descriptive":0.003667632318420702,
       "k (general descriptive)":2.713885715909699,
       "RELAX alternative":0.003681501123943706,
       "RELAX null":0.003671550925125647,
       "RELAX partitioned descriptive":0.003671650606458679
      },
     "Cow":{
       "original name":"Cow",
       "General descriptive":0.3729517560323647,
       "k (general descriptive)":1.361855298566561,
       "RELAX alternative":0.3087337413926659,
       "RELAX null":0.2943803206303046,
       "RELAX partitioned descriptive":0.3117128118540413
      },
     "Pig":{
       "original name":"Pig",
       "General descriptive":0.2107551442263293,
       "k (general descriptive)":0.7569652606724258,
       "RELAX alternative":0.2176528382702686,
       "RELAX null":0.2162995274438016,
       "RELAX partitioned descriptive":0.2208937392295968
      },
     "Horse":{
       "original name":"Horse",
       "General descriptive":0.2808478357514861,