{
 "analysis":{
   "info":"RELAX (a random effects test of selection relaxation) uses a random effects branch-site model framework to test whether a set of 'Test' branches evolves under relaxed selection relative to a set of 'Reference' branches (R), as measured by the relaxation parameter (K).",
   "version":"2.0",
   "citation":"RELAX: Detecting Relaxed Selection in a Phylogenetic Framework (2015). Mol Biol Evol 32 (3): 820-832",
   "authors":"Sergei L Kosakovsky Pond, Ben Murrell, Steven Weaver and Temple iGEM / UCSD viral evolution group",
   "contact":"spond@temple.edu",
   "requirements":"in-frame codon alignment and a phylogenetic tree, with at least two groups of branches defined using the {} notation (one group can be defined as all unlabeled branches)"
  },
 "input":{
   "file name":"/home/rdvelazquez/hyphy-vision/data/input_data/simulated_data_labeled.dat",
   "number of sequences":12,
   "number of sites":20,
   "partition count":1,
   "trees":{
     "0":"(t1:0.140821,(((t4:0.0918075,t9:0.0712801)Node5:0.131355,(t10:0.416582,t7:0.0476408)Node8:0.0883192)Node4:0.637702,(t3:0.698741,t12:0.0835068)Node11:0.0469205)Node3:0.0741876,(((t5:0.0865238,t8:0.0535977)Node16:0.10328,t6:0.0885736)Node15:0.250248,(t2:0.0743222,t11:0.183571)Node20:0.644012)Node14:0.438272)"
    }
  },
 "fits":{
   "Nucleotide GTR":{
     "Log Likelihood":-453.1385313124892,
     "estimated parameters":29,
     "AIC-c":972.5627769106927,
     "Equilibrium frequencies":[
      [0.2180555555555556],
      [0.2069444444444445],
      [0.2750000000000001],
      [0.3]
      ],
     "Rate Distributions":{
       "Substitution rate from nucleotide A to nucleotide C":1.771557162117446,
       "Substitution rate from nucleotide A to nucleotide G":1,
       "Substitution rate from nucleotide A to nucleotide T":1.579589655486383,
       "Substitution rate from nucleotide C to nucleotide G":1.593671766964171,
       "Substitution rate from nucleotide C to nucleotide T":1.457085429895602,
       "Substitution rate from nucleotide G to nucleotide T":1.407624070134918
      },
     "display order":0
    },
   "MG94xREV with separate rates for branch sets":{
     "Log Likelihood":-445.6011358089204,
     "estimated parameters":37,
     "AIC-c":891.2022716178408,
     "Equilibrium frequencies":[
      [0.01199281477830417],
      [0.008479264967831848],
      [0.005583903560001121],
      [0.01106507962026458],
      [0.007316457822260476],
      [0.005172946105458404],
      [0.003406572655005624],
      [0.006750474333021214],
      [0.01814988198041528],
      [0.01283248856016932],
      [0.008450659205325606],
      [0.01674585098862827],
      [0.01503899109487084],
      [0.01063299923325467],
      [0.007002215698802699],
      [0.0138756111012603],
      [0.01660493973572872],
      [0.01174016995983598],
      [0.007731327784005909],
      [0.01532042174101803],
      [0.01013017739900552],
      [0.007162326770250972],
      [0.00471665198599427],
      [0.009346531365612483],
      [0.02512985500623237],
      [0.01776753023706505],
      [0.01170056316432622],
      [0.02318587017559067],
      [0.02082259631560848],
      [0.01472217446380088],
      [0.009695085919740489],
      [0.01921181060426715],
      [0.02521693163629244],
      [0.01782909591888655],
      [0.01174110639905248],
      [0.02326621076806127],
      [0.01538409623881879],
      [0.01087699849542873],
      [0.007162898063826109],
      [0.01419401974558081],
      [0.03816321202049171],
      [0.02698248849225139],
      [0.01776894744074705],
      [0.03521099819999814],
      [0.03162203513759215],
      [0.02235768830840292],
      [0.01472334875868479],
      [0.02917583094714806],
      [0.01811572047290772],
      [0.02364024360267594],
      [0.01563141442834062],
      [0.01105185956842002],
      [0.007278050423339101],
      [0.01442220599786493],
      [0.02741626504298946],
      [0.01805460503431211],
      [0.03577705812258927],
      [0.0321303980831834],
      [0.02271711553171781],
      [0.01496004462317817],
      [0.0296448681642604]
      ],
     "Rate Distributions":{
       "non-synonymous/synonymous rate ratio for *Reference*":[
        [0.7804183374077971, 1]
        ],
       "non-synonymous/synonymous rate ratio for *Test*":[
        [0.747442035534124, 1]
        ]
      },
     "display order":1
    },
   "General descriptive":{
     "Log Likelihood":-436.1872852833549,
     "estimated parameters":60,
     "AIC-c":1033.268425315313,
     "Rate Distributions":{
       "Shared":{
         "0":{
           "omega":0.4949295678260009,
           "proportion":1
          },
         "1":{
           "omega":1,
           "proportion":0
          },
         "2":{
           "omega":1.085262428220995,
           "proportion":0
          }
        }
      },
     "display order":4
    },
   "RELAX alternative":{
     "Log Likelihood":-445.6114134902465,
     "estimated parameters":41,
     "AIC-c":990.6167663744324,
     "Rate Distributions":{
       "Test":{
         "0":{
           "omega":0.7520021459000923,
           "proportion":1
          },
         "1":{
           "omega":0.9630476439475174,
           "proportion":0
          },
         "2":{
           "omega":1.080699582087406,
           "proportion":0
          }
        },
       "Reference":{
         "0":{
           "omega":0.8581917012111195,
           "proportion":1
          },
         "1":{
           "omega":0.98,
           "proportion":0
          },
         "2":{
           "omega":1.04252071021195,
           "proportion":0
          }
        }
      },
     "display order":2
    },
   "RELAX null":{
     "Log Likelihood":-445.6034703120557,
     "estimated parameters":40,
     "AIC-c":987.6893526844128,
     "Rate Distributions":{
       "Test":{
         "0":{
           "omega":0.7619111852583399,
           "proportion":1
          },
         "1":{
           "omega":0.9804,
           "proportion":0
          },
         "2":{
           "omega":1.041683740538294,
           "proportion":0
          }
        },
       "Reference":{
         "0":{
           "omega":0.7619111852583399,
           "proportion":1
          },
         "1":{
           "omega":0.9804,
           "proportion":0
          },
         "2":{
           "omega":1.041683740538294,
           "proportion":0
          }
        }
      },
     "display order":3
    },
   "RELAX partitioned descriptive":{
     "Log Likelihood":-445.6004369299317,
     "estimated parameters":44,
     "AIC-c":999.5085661675557,
     "Rate Distributions":{
       "Test":{
         "0":{
           "omega":0.7570022807210662,
           "proportion":1
          },
         "1":{
           "omega":0.980392,
           "proportion":0
          },
         "2":{
           "omega":1.041667008141301,
           "proportion":0
          }
        },
       "Reference":{
         "0":{
           "omega":0.7865740482623466,
           "proportion":1
          },
         "1":{
           "omega":0.980392,
           "proportion":0
          },
         "2":{
           "omega":1.041667008141301,
           "proportion":0
          }
        }
      },
     "display order":5
    }
  },
 "timers":{
   "Overall":{
     "timer":344,
     "order":0
    },
   "Preliminary model fitting":{
     "timer":26,
     "order":1
    },
   "General descriptive model fitting":{
     "timer":92,
     "order":2
    },
   "RELAX alternative model fitting":{
     "timer":164,
     "order":3
    },
   "RELAX null model fitting":{
     "timer":40,
     "order":4
    },
   "RELAX partitioned descriptive":{
     "timer":20,
     "order":5
    }
  },
 "test results":{
   "LRT":-0.0158863563816567,
   "p-value":1,
   "relaxation or intensification parameter":1.863730108638018
  },
 "tested":{
   "0":{
     "t1":"Test",
     "t4":"Reference",
     "t9":"Reference",
     "Node5":"Reference",
     "t10":"Reference",
     "t7":"Reference",
     "Node8":"Reference",