{
 "analysis":{
   "info":"RELAX (a random effects test of selection relaxation) uses a random effects branch-site model framework to test whether a set of 'Test' branches evolves under relaxed selection relative to a set of 'Reference' branches (R), as measured by the relaxation parameter (K).",
   "version":"2.0",
   "citation":"RELAX: Detecting Relaxed Selection in a Phylogenetic Framework (2015). Mol Biol Evol 32 (3): 820-832",
   "authors":"Sergei L Kosakovsky Pond, Ben Murrell, Steven Weaver and Temple iGEM / UCSD viral evolution group",
   "contact":"spond@temple.edu",
   "requirements":"in-frame codon alignment and a phylogenetic tree, with at least two groups of branches defined using the {} notation (one group can be defined as all unlabeled branches)"
  },
 "input":{
   "file name":"/home/rdvelazquez/hyphy-vision/data/input_data/CD2.fna",
   "number of sequences":10,
   "number of sites":187,
   "partition count":1,
   "trees":{
     "0":"((((Pig:0.147969,Cow:0.21343)Node3:0.085099,Horse:0.165787,Cat:0.264806)Node2:0.058611,((RhMonkey:0.002015,Baboon:0.003108)Node9:0.022733,(Human:0.004349,Chimp:0.000799)Node12:0.011873)Node8:0.101856)Node1:0.340802,Rat:0.050958,Mouse:0.09795)"
    }
  },
 "fits":{
   "Nucleotide GTR":{
     "Log Likelihood":-3531.963780730383,
     "estimated parameters":24,
     "AIC-c":7112.577967964832,
     "Equilibrium frequencies":[
      [0.3563279857397504],
      [0.1837789661319073],
      [0.2402852049910873],
      [0.2196078431372549]
      ],
     "Rate Distributions":{
       "Substitution rate from nucleotide A to nucleotide C":0.5472216942647106,
       "Substitution rate from nucleotide A to nucleotide G":1,
       "Substitution rate from nucleotide A to nucleotide T":0.2645767737218761,
       "Substitution rate from nucleotide C to nucleotide G":0.4864956075134169,
       "Substitution rate from nucleotide C to nucleotide T":1.017388348535757,
       "Substitution rate from nucleotide G to nucleotide T":0.3027127947903878
      },
     "display order":0
    },
   "MG94xREV with separate rates for branch sets":{
     "Log Likelihood":-3464.719934847895,
     "estimated parameters":32,
     "AIC-c":6929.439869695791,
     "Equilibrium frequencies":[
      [0.04787662253946073],
      [0.03913388100305117],
      [0.04844580322128512],
      [0.0407178971288476],
      [0.01817959331488358],
      [0.01485982100934833],
      [0.01839572120297191],
      [0.01546129971531724],
      [0.0190238172858878],
      [0.01554988139098808],
      [0.01924998172104109],
      [0.01617929156565557],
      [0.02798385246472159],
      [0.02287372613761008],
      [0.02831653817605838],
      [0.02379958245776909],
      [0.01680670574479072],
      [0.01373763619452979],
      [0.01700651207463693],
      [0.01429369239710176],
      [0.006381800954137531],
      [0.005216421415661322],
      [0.006457670922102578],
      [0.00542756570877943],
      [0.006678159032689796],
      [0.005458661598138652],
      [0.00675755225029668],
      [0.00567961101013393],
      [0.009823507779659469],
      [0.008029638769211124],
      [0.009940294440024354],
      [0.008354653231583485],
      [0.0329096029621651],
      [0.02689998621179963],
      [0.03330084840219455],
      [0.02798881284619018],
      [0.01249635346589736],
      [0.01021439657952951],
      [0.01264491622176376],
      [0.01062784315018763],
      [0.01307665913959002],
      [0.01068873273724336],
      [0.0132321208528494],
      [0.01112137894012831],
      [0.01923563996618058],
      [0.01572302316926395],
      [0.01946432265285621],
      [0.01635944157725275],
      [0.01977100255021048],
      [0.02057127040149398],
      [0.009184593415672956],
      [0.007507396443725858],
      [0.009293784349897772],
      [0.007811272183233558],
      [0.007856024926654371],
      [0.009725369116048951],
      [0.008174012048031599],
      [0.01413784690564137],
      [0.01155613719386138],
      [0.01430592453757226],
      [0.01202389319448819]
      ],
     "Rate Distributions":{
       "non-synonymous/synonymous rate ratio for *Reference*":[
        [0.4406286581355343, 1]
        ],
       "non-synonymous/synonymous rate ratio for *Test*":[
        [1.035917374739876, 1]
        ]
      },
     "display order":1
    },
   "General descriptive":{
     "Log Likelihood":-3431.707786274445,
     "estimated parameters":50,
     "AIC-c":6966.219310866647,
     "Rate Distributions":{
       "Shared":{
         "0":{
           "omega":1e-08,
           "proportion":0.561624038030457
          },
         "1":{
           "omega":1,
           "proportion":0
          },
         "2":{
           "omega":5.607246482650117,
           "proportion":0.438375961969543
          }
        }
      },
     "display order":4
    },
   "RELAX alternative":{
     "Log Likelihood":-3434.011348320571,
     "estimated parameters":36,
     "AIC-c":6941.476051796625,
     "Rate Distributions":{
       "Test":{
         "0":{
           "omega":0,
           "proportion":0.466478457311886
          },
         "1":{
           "omega":1,
           "proportion":0.2336022751996489
          },
         "2":{
           "omega":4.726910650161229,
           "proportion":0.2999192674884651
          }
        },
       "Reference":{
         "0":{
           "omega":0,
           "proportion":0.466478457311886
          },
         "1":{
           "omega":1,
           "proportion":0.2336022751996489
          },
         "2":{
           "omega":1.478206074392575,
           "proportion":0.2999192674884651
          }
        }
      },
     "display order":2
    },
   "RELAX null":{
     "Log Likelihood":-3437.246658831161,
     "estimated parameters":35,
     "AIC-c":6945.867363463849,
     "Rate Distributions":{
       "Test":{
         "0":{
           "omega":0.1135301616227658,
           "proportion":0.479228585650973
          },
         "1":{
           "omega":0.183341737632478,
           "proportion":0.1443010879652327
          },
         "2":{
           "omega":3.668383733760887,
           "proportion":0.3764703263837943
          }
        },
       "Reference":{
         "0":{
           "omega":0.1135301616227658,
           "proportion":0.479228585650973
          },
         "1":{
           "omega":0.183341737632478,
           "proportion":0.1443010879652327
          },
         "2":{
           "omega":3.668383733760887,
           "proportion":0.3764703263837943
          }
        }
      },
     "display order":3
    },
   "RELAX partitioned descriptive":{
     "Log Likelihood":-3433.507506533856,
     "estimated parameters":39,
     "AIC-c":6946.719931100499,
     "Rate Distributions":{
       "Test":{
         "0":{
           "omega":0.1283310730054698,
           "proportion":0.1686927102140489
          },
         "1":{
           "omega":0.1785394361698662,
           "proportion":0.4745347726323749
          },
         "2":{
           "omega":4.236283118990357,
           "proportion":0.3567725171535762
          }
        },
       "Reference":{
         "0":{
           "omega":0.3120359135115191,
           "proportion":0.8019688965756651
          },
         "1":{
           "omega":0.4037090212362805,
           "proportion":0.1553175294287955
          },
         "2":{
           "omega":4.236283118990357,
           "proportion":0.04271357399553941
          }
        }
      },
     "display order":5
    }
  },
 "timers":{
   "Overall":{
     "timer":1442,
     "order":0
    },
   "Preliminary model fitting":{
     "timer":42,
     "order":1
    },
   "General descriptive model fitting":{
     "timer":519,
     "order":2
    },
   "RELAX alternative model fitting":{
     "timer":672,
     "order":3
    },
   "RELAX null model fitting":{
     "timer":96,
     "order":4
    },
   "RELAX partitioned descriptive":{
     "timer":111,
     "order":5
    }
  },
 "test results":{
   "LRT":6.470621021180705,